Name,Price,Image
Trixie Caja Navidad para Perro - 1 Unidad.,8.99 ,https://www.petsonic.com/13925-large_default/caja-navidad-para-perro.jpg
"Lolo Pets Galleta Mini ""Pastel"" Chocolate y Frutos Secos para Perro - 40 gr",2.24 ,https://www.petsonic.com/13835-large_default/galleta-mini-pastel-chocolate-frutos-secos-para-perro.jpg
"Lolo Pets Galleta Mini ""Pastel"" Frutos del Bosque para Perro - 40 gr",2.49 ,https://www.petsonic.com/13499-large_default/lolo-pets-galleta-mini-pastel-frutos-bosque-para-perros.jpg
"Lolo Pets Galleta ""Pastel de Cumpleaños"" Carne y Verduras para Perro - 250 Gr.",3.99 ,https://www.petsonic.com/13481-large_default/galleta-pastel-cumpleanos-carne-verduras-para-perro.jpg
"Lolo Pets Galleta ""Pastel de Cumpleaños"" Chocolate y Frutos Secos para Perro - 250 Gr.",3.99 ,https://www.petsonic.com/13482-large_default/lolo-pets-galleta-pastel-cumpleanos-chocolate-frutos-secos-para-perros.jpg
"Lolo Pets Galleta ""Pastel de Cumpleaños"" Frutos del Bosque para Perro - 250 Gr.",3.99 ,https://www.petsonic.com/13483-large_default/galleta-pastel-cumpleanos-frutos-bosque-para-perro.jpg
"Lolo Pets Galleta ""Pastel  Love"" Carne y Verduras para Perro - 250 Gr.",3.99 ,https://www.petsonic.com/13484-large_default/galleta-pastel-love-carne-verduras-para-perro.jpg
"Lolo Pets Galleta ""Pastel  Love"" Chocolate y Frutos Secos para Perro - 250 Gr.",4.50 ,https://www.petsonic.com/13718-large_default/galleta-pastel-love-chocolate-frutos-secos-para-perro.jpg
"Lolo Pets Galleta ""Pastel de Love"" Frutos del Bosque para Perro - 250 Gr.",3.99 ,https://www.petsonic.com/13486-large_default/galleta-pastel-love-frutos-bosque-para-perro.jpg
"Lolo Pets Galleta ""Pastel "" Carne y Verduras para Perro - 250 Gr.",3.99 ,https://www.petsonic.com/13487-large_default/galleta-pastel-carne-verduras-para-perro.jpg
"Lolo Pets Galleta ""Pastel "" Chocolate y Frutos Secos para Perro - 250 Gr.",3.99 ,https://www.petsonic.com/13488-large_default/galleta-pastel-chocolate-frutos-secos-para-perro.jpg
"Lolo Pets Galleta ""Pastel Merry Christmas"" Carne y Verdura para Perro - 250 Gr.",4.94 ,https://www.petsonic.com/13626-large_default/galleta-pastel-merry-christmas-carne-verdura-para-perro.jpg
"Lolo Pets Galleta ""Pastel  Merry Christmas"" Chocolate y Frutos Secos para Perro - 250 Gr.",3.99 ,https://www.petsonic.com/13627-large_default/galleta-pastel-merry-christmas-chocolate-frutos-secos-para-perro.jpg
"Lolo Pets Galleta ""Pastel Merry Christmas"" Frutos del Bosque para Perro - 250 Gr.",3.99 ,https://www.petsonic.com/13628-large_default/galleta-pastel-merry-christmas-frutos-bosque-para-perro.jpg
hobbit Alf Galletas Puppy para Perro - 100 Gr.,0.89 ,https://www.petsonic.com/14110-large_default/hobbit-alf-galletas-puppy-para-perros.jpg
hobbit Alf Galletas Puppy para Perro - 200 Gr.,1.79 ,https://www.petsonic.com/14110-large_default/hobbit-alf-galletas-puppy-para-perros.jpg
hobbit Alf Galletas Puppy para Perro - 430 gr,2.84 ,https://www.petsonic.com/14110-large_default/hobbit-alf-galletas-puppy-para-perros.jpg
hobbit Alf Galletas Granja para Perro - 200 Gr.,1.79 ,https://www.petsonic.com/14111-large_default/hobbit-alf-galletas-granja-para-perros.jpg
hobbit Alf Galletas Granja para Perro - 430 gr,2.81 ,https://www.petsonic.com/14111-large_default/hobbit-alf-galletas-granja-para-perros.jpg
hobbit Alf Galletas Granja para Perro - 4 Kg.,17.99 ,https://www.petsonic.com/14111-large_default/hobbit-alf-galletas-granja-para-perros.jpg
hobbit Alf Galletas Alfito de Carne para Perro - 430 gr,2.99 ,https://www.petsonic.com/14112-large_default/hobbit-alf-galletas-alfito-carne-para-perros.jpg
hobbit Alf Galleta Croqueta Queso y Pollo para Perro - 430 gr,2.99 ,https://www.petsonic.com/14114-large_default/hobbit-alf-galleta-croqueta-queso-pollo-para-perros.jpg
hobbit Alf Galletas Jumbo Mini Mix para Perro - 430 gr,2.69 ,https://www.petsonic.com/14115-large_default/hobbit-alf-galletas-jumbo-mini-mix-para-perros.jpg
hobbit Alf Galleta Happy Happer Mix para Perros - 5 Kg,20.99 ,https://www.petsonic.com/14116-large_default/hobbit-alf-galleta-happy-happer-mix-para-perros.jpg
Naturea Galletas con Frutas del Bosque para Perro - 230 Gr.,4.80 ,https://www.petsonic.com/5434-large_default/naturea-galletas-frutas-bosque-para-perros.jpg
Naturea Galletas de Manzana y Canela para Perro - 230 Gr.,5.52 ,https://www.petsonic.com/5433-large_default/naturea-galletas-manzana-canela-para-perros.jpg
Naturea Galletas con Tomate Aceite de Oliva y Queso Parmesano para Perro - 230 Gr.,5.52 ,https://www.petsonic.com/5437-large_default/naturea-galletas-tomate-aceite-oliva-queso-parmesano-para-perros.jpg
Naturea Galletas con Pato y Moras para Perro - 230 Gr.,5.18 ,https://www.petsonic.com/5436-large_default/naturea-galletas-pato-moras-para-perros.jpg
Naturea Galletas con Yogurt y Miel para Perro - 230 Gr.,5.19 ,https://www.petsonic.com/5438-large_default/naturea-galletas-yogurt-miel-para-perros.jpg
Naturea Galletas con Pescado Aceite de oliva y Hierbas Aromáticas para Perro - 230 Gr.,5.28 ,https://www.petsonic.com/5435-large_default/naturea-galletas-pescado-aceite-oliva-hierbas-aromaticas-para-perros.jpg
Purina Pro Plan Biscuits Light 400gr. - 1 Unidad.,2.99 ,https://www.petsonic.com/13408-large_default/purina-pro-plan-biscuits-light-400gr-para-perros.jpg
Purina Pro Plan Biscuits Light 400gr. - 6 Unidades.,16.50 ,https://www.petsonic.com/13408-large_default/purina-pro-plan-biscuits-light-400gr-para-perros.jpg
Purina Pro Plan Biscuits Dental Bar 150gr. - 1 Unidad.,2.80 ,https://www.petsonic.com/13407-large_default/purina-pro-plan-biscuits-dental-bar-150gr-para-perros.jpg
Purina Pro Plan Biscuits Dental Bar 150gr. - 6 Unidades.,16.50 ,https://www.petsonic.com/13407-large_default/purina-pro-plan-biscuits-dental-bar-150gr-para-perros.jpg
Kong Galletas para Cachorro - 300 Gr.,4.99 ,https://www.petsonic.com/15889-large_default/kong-galletas-para-cachorro-para-perros.jpg
Kong Galletas Sabor Hígado para Perros Pequeños - 200 Gr.,4.49 ,https://www.petsonic.com/14118-large_default/kong-galletas-sabor-higado-pequenos-para-perros.jpg
Hill's Ideal Balance  IB Snack Pollo y Manzana - 1 Sobre 227 gr,3.49 ,https://www.petsonic.com/17227-large_default/hill-s-ideal-balance-ib-snack-pollo-manzana-para-perros.jpg
Hill's Ideal Balance  IB Snack Pollo y Manzana - 1 x 6 sobres 227 gr,18.99 ,https://www.petsonic.com/17227-large_default/hill-s-ideal-balance-ib-snack-pollo-manzana-para-perros.jpg
Purina Pro Plan Delibakie Hearts - 100 Gr.,1.09 ,https://www.petsonic.com/14123-large_default/purina-pro-plan-delibakie-hearts-para-perros.jpg
Purina Pro Plan Delibakie Hearts - 350 Gr.,1.73 ,https://www.petsonic.com/14123-large_default/purina-pro-plan-delibakie-hearts-para-perros.jpg
Purina Pro Plan Delibakie Rolls - 100 Gr.,0.99 ,https://www.petsonic.com/14125-large_default/purina-pro-plan-delibakie-rolls-para-perros.jpg
Purina Pro Plan Delibakie Biscotti - 90 Gr,0.99 ,https://www.petsonic.com/14121-large_default/purina-pro-plan-delibakie-biscotti-para-perros.jpg
Purina Pro Plan Delibakie Biscotti - 270 Gr,2.49 ,https://www.petsonic.com/14121-large_default/purina-pro-plan-delibakie-biscotti-para-perros.jpg
Purina Pro Plan Adventuros Strips Venado - 90 Gr,0.95 ,https://www.petsonic.com/14128-large_default/purina-pro-plan-adventuros-strips-venado-para-perros.jpg
Purina Pro Plan Adventuros Strips Venado - Pack 6 sobres de 90gr,6.30 ,https://www.petsonic.com/14128-large_default/purina-pro-plan-adventuros-strips-venado-para-perros.jpg
Purina Pro Plan Adventuros Nuggets Jabalí - 90 Gr,0.95 ,https://www.petsonic.com/14129-large_default/purina-pro-plan-adventuros-nuggets-jabali-para-perros.jpg
Purina Pro Plan Adventuros Nuggets Jabalí - Pack 6 sobres de 90gr,6.30 ,https://www.petsonic.com/14129-large_default/purina-pro-plan-adventuros-nuggets-jabali-para-perros.jpg
Purina Pro Plan Adventuros Mini Sticks de Búfalo - 90 Gr,0.95 ,https://www.petsonic.com/14127-large_default/purina-pro-plan-adventuros-mini-sticks-bufalo-para-perros.jpg
Purina Pro Plan Adventuros Mini Sticks de Búfalo - Pack 6 sobres de 90gr,6.30 ,https://www.petsonic.com/14127-large_default/purina-pro-plan-adventuros-mini-sticks-bufalo-para-perros.jpg
Purina Pro Plan Adventuros Sticks de Búfalo - 120 gr,1.19 ,https://www.petsonic.com/14130-large_default/purina-pro-plan-adventuros-sticks-bufalo-para-perros.jpg
Purina Pro Plan Adventuros Sticks de Búfalo - Packs 6 sobres de 120 gr,6.30 ,https://www.petsonic.com/14130-large_default/purina-pro-plan-adventuros-sticks-bufalo-para-perros.jpg
Orijen Treat Free Run Duck 42.5 Gr - 1 Unidad.,6.29 ,https://www.petsonic.com/12700-large_default/orijen-treat-free-run-duck-42-5-gr-para-perros.jpg
Orijen Treat Free Run Duck 42.5 Gr - 6 Unidades.,34.99 ,https://www.petsonic.com/12700-large_default/orijen-treat-free-run-duck-42-5-gr-para-perros.jpg
Orijen Treats Ranch Raised Lamb 56gr. - 1 Unidad.,5.29 ,https://www.petsonic.com/9781-large_default/orijen-treats-ranch-raised-lamb-56gr-para-perros.jpg
Orijen Treats Ranch Raised Lamb 56gr. - 6 Unidades.,28.99 ,https://www.petsonic.com/9781-large_default/orijen-treats-ranch-raised-lamb-56gr-para-perros.jpg
Bravo Huesos Delibones para Perro - 7 cm,3.24 ,https://www.petsonic.com/13301-large_default/huesos-delibones-para-perro.jpg
Bravo Huesos Delibones para Perro - 11 cm,3.49 ,https://www.petsonic.com/13301-large_default/huesos-delibones-para-perro.jpg
Affinity Advance +7 Años Snack - 150 Gr.,2.70 ,https://www.petsonic.com/12801-large_default/7-anos-snack.jpg
Affinity Advance +7 Años Snack - 1 x 7 packs de 150 gr,15.99 ,https://www.petsonic.com/12801-large_default/7-anos-snack.jpg
Fish4Dogs Super Star Snacks Adiestramiento para Perro. - 75 Gr.,3.49 ,https://www.petsonic.com/14062-large_default/fish4dogs-super-star-snacks-adiestramiento-para-perros.jpg
Kong Galletas para Perro - 300 Gr.,5.50 ,https://www.petsonic.com/14119-large_default/kong-galletas-para-perros.jpg
Specific Snack Healthy Treats Mini para Perro - 1 unidad de 300gr,2.45 ,https://www.petsonic.com/14914-large_default/snack-healthy-treats-mini-para-perro.jpg
Specific Snack Healthy Treats para Perro - 1 unidad de 300gr,2.70 ,https://www.petsonic.com/14915-large_default/snack-healthy-treats-para-perro.jpg
Specific Snack Healthy Treats Hypoallergenic para Perro - 1 unidad de 300gr,3.00 ,https://www.petsonic.com/14916-large_default/snack-healthy-treats-hypoallergenic-para-perro.jpg
Nayeco Galletas Mini Duo para Perro - 1 Kg.,5.45 ,https://www.petsonic.com/17919-large_default/nayeco-galletas-mini-duo.jpg
